pid,ppid,num_modules,num_unsigned_modules,num_rwx_regions,avg_entropy,has_network_connection,num_connections,listening_ports,high_entropy_strings,cpu_usage,memory_usage_mb,label
1147,360,48,1,0,5.46,True,8,0,2,2.67,160.5,0
1180,336,23,2,0,5.3,True,7,0,3,4.8,116.8,0
1219,771,52,1,0,5.16,True,8,1,1,6.41,109.1,0
1695,690,20,8,7,8.22,False,0,2,50,64.06,187.4,2
1514,233,18,0,1,5.62,False,0,2,3,2.56,131.4,0
1067,419,34,3,1,5.66,False,0,0,0,5.19,151.3,0
1578,855,33,2,0,5.15,False,0,0,2,6.44,199.6,0
1170,390,76,0,1,5.32,False,0,1,2,5.69,110.7,0
1492,948,29,1,1,5.45,True,2,0,3,6.04,215.7,0
1047,710,53,1,1,5.67,False,0,2,0,2.46,177.5,0
1120,207,66,2,1,4.67,False,0,0,2,6.46,70.2,0
1462,693,64,3,0,6.17,True,3,0,0,1.96,136.0,0
1496,436,51,0,1,5.52,True,4,0,1,3.77,109.2,0
1071,407,45,0,0,5.04,True,2,0,1,4.88,102.5,0
1136,204,15,2,0,5.86,False,0,0,0,3.5,83.5,0
1407,429,56,3,1,5.68,True,1,2,0,3.85,184.6,0
1624,808,16,12,1,7.02,True,32,0,37,6.43,90.0,1
1247,344,35,2,0,5.25,False,0,0,1,5.2,155.7,0
1623,244,12,12,4,6.21,True,49,1,38,10.01,21.6,1
1259,942,48,1,1,5.56,True,1,1,3,1.19,86.7,0
1771,365,14,5,3,6.42,True,8,0,57,13.36,67.3,3
1003,671,31,2,1,4.95,False,0,0,0,6.85,108.8,0
1442,624,18,3,0,4.83,True,9,0,1,0.6,135.6,0
1326,576,42,2,1,4.16,True,10,0,0,1.63,68.2,0
1263,236,70,0,0,5.75,False,0,2,1,1.59,139.5,0
1181,950,17,3,0,5.78,False,0,0,0,4.32,73.5,0
1376,675,21,1,1,5.16,False,0,2,0,4.06,131.8,0
1478,337,64,0,0,5.78,True,6,1,0,5.14,56.4,0
1447,254,12,1,1,5.82,False,0,1,3,3.45,91.4,0
1056,453,48,2,1,5.89,False,0,1,2,5.96,77.4,0
1340,420,46,0,0,6.4,True,4,1,1,4.47,0.6,0
1357,373,48,2,1,5.18,True,7,0,0,2.77,88.1,0
1077,975,48,1,1,5.93,True,8,2,1,1.23,124.3,0
1307,989,73,3,0,5.7,False,0,2,0,5.65,169.0,0
1799,833,13,6,2,5.7,True,13,1,43,2.45,59.6,3
1558,246,32,0,0,6.06,True,6,0,1,4.26,143.2,0
1488,722,73,2,0,5.89,False,0,1,3,6.4,168.4,0
1089,287,37,3,1,5.71,False,0,2,3,3.06,107.6,0
1397,223,73,3,1,4.96,True,7,2,0,1.49,103.4,0
1539,793,10,3,0,5.19,True,1,1,2,4.18,161.1,0
1013,363,52,3,0,5.69,False,0,2,3,6.53,83.9,0
1741,819,5,11,6,7.24,True,12,0,86,37.29,204.1,2
1413,407,11,2,0,5.23,True,9,1,2,4.19,89.3,0
1011,849,54,3,0,5.11,True,10,2,2,4.94,119.7,0
1069,404,76,2,0,5.85,True,8,2,2,6.69,174.7,0
1490,864,26,3,1,5.31,False,0,0,3,5.66,162.3,0
1585,879,72,1,0,5.34,False,0,0,1,4.36,183.6,0
1748,354,16,6,4,6.73,True,6,1,47,17.49,19.8,3
1034,306,46,0,1,5.29,True,5,0,2,4.33,156.0,0
1342,327,76,0,1,5.3,True,7,2,2,6.43,110.6,0
1762,792,14,5,4,7.2,True,9,1,22,3.0,140.0,3
1399,349,66,3,0,5.76,True,7,2,2,3.06,129.9,0
1281,233,16,1,0,5.54,False,0,0,3,2.46,233.3,0
1126,507,43,3,0,5.74,True,3,0,1,0.82,121.1,0
1191,808,63,3,1,6.06,False,0,0,2,2.63,97.8,0
1780,742,5,6,2,7.03,True,15,1,27,14.43,9.9,3
1379,870,15,0,0,6.06,False,0,0,2,4.9,71.2,0
1773,816,5,5,3,5.42,True,7,1,23,16.37,171.0,3
1248,990,65,3,0,5.96,False,0,0,2,6.18,145.0,0
1628,827,15,6,4,7.47,True,41,1,40,7.35,66.5,1
1366,559,69,2,0,5.65,True,3,0,3,5.87,160.1,0
1277,732,68,1,1,6.04,False,0,1,0,2.11,150.5,0
1176,703,53,1,0,5.55,True,10,2,3,3.14,132.0,0
1531,888,47,1,0,5.02,True,7,2,0,0.7,122.8,0
1187,544,59,2,1,5.02,False,0,2,0,2.84,124.8,0
1223,583,12,3,1,5.91,False,0,0,0,3.43,112.2,0
1371,909,15,3,1,5.61,False,0,0,3,7.91,154.7,0
1312,301,18,0,1,5.07,True,3,2,2,4.05,114.3,0
1204,993,50,3,0,6.26,False,0,0,0,3.15,133.8,0
1574,865,43,3,0,5.26,True,10,2,2,5.32,155.1,0
1025,260,39,3,1,5.51,False,0,1,3,5.55,85.1,0
1317,564,16,1,1,6.16,False,0,0,3,3.68,63.5,0
1732,499,5,8,3,7.86,False,0,2,35,39.24,323.7,2
1374,309,66,1,1,5.6,False,0,1,1,4.15,135.1,0
1697,882,9,15,7,7.55,True,7,2,45,9.65,101.5,2
1752,382,10,9,2,6.39,True,10,0,51,14.54,97.8,3
1345,881,19,1,1,5.83,False,0,1,3,1.02,140.5,0
1434,681,72,1,1,5.04,False,0,2,3,3.66,35.0,0
1033,713,65,0,1,5.08,False,0,2,2,2.45,115.1,0
1198,922,30,2,0,5.83,False,0,2,3,2.54,111.4,0
1030,974,17,0,0,5.27,False,0,1,3,3.26,150.6,0
1575,281,34,3,1,5.01,True,1,2,1,7.36,145.4,0
1065,831,53,0,0,4.54,True,4,0,3,3.12,168.9,0
1387,880,62,1,1,5.53,True,10,0,0,5.25,194.3,0
1611,329,9,12,3,7.37,True,38,0,23,6.23,9.3,1
1409,589,23,3,0,5.64,False,0,0,2,1.62,60.2,0
1720,619,6,10,5,7.59,False,0,2,39,48.54,297.7,2
1540,261,48,2,1,5.79,True,6,0,3,3.15,107.8,0
1002,717,61,3,1,5.28,False,0,1,0,4.67,182.0,0
1775,341,11,9,4,6.61,True,5,0,50,11.58,121.3,3
1273,521,79,2,0,5.19,True,1,2,0,5.19,69.9,0
1352,692,40,2,1,5.9,True,7,0,1,3.17,117.6,0
1581,799,49,3,0,5.28,True,10,2,2,5.06,145.7,0
1418,873,38,1,1,5.08,False,0,1,2,2.41,81.5,0
1226,807,17,0,0,5.52,False,0,2,1,4.55,89.1,0
1718,800,24,14,8,7.12,True,18,2,37,21.88,176.2,2
1012,934,34,1,1,5.65,True,6,2,2,6.24,119.7,0
1384,425,59,0,0,5.84,True,2,2,1,4.86,144.2,0
1009,523,34,3,1,4.4,False,0,2,1,3.29,120.3,0
1046,748,14,2,0,5.52,False,0,1,3,3.02,79.3,0
1406,604,68,2,0,5.87,True,0,1,1,6.58,12.7,0
1095,943,39,2,0,5.27,True,6,2,0,5.79,68.7,0
1647,643,13,12,3,6.5,True,49,1,13,15.09,81.3,1
1754,702,10,3,3,6.27,True,13,1,50,12.55,211.5,3
1040,367,70,2,0,5.93,False,0,1,3,7.01,155.6,0
1481,855,34,0,0,5.75,True,10,0,0,4.38,151.5,0
1588,411,20,3,1,5.93,True,6,0,0,8.47,151.4,0
1213,306,33,0,1,5.44,True,2,0,0,1.26,116.0,0
1175,732,71,3,0,6.11,True,2,1,1,4.14,104.8,0
1705,454,12,13,4,6.92,True,19,2,33,30.13,290.5,2
1711,784,24,13,5,7.59,True,13,0,73,57.18,290.1,2
1790,985,17,9,5,6.15,True,7,1,18,12.83,73.0,3
1715,930,10,14,4,7.93,True,24,0,31,36.38,157.1,2
1724,819,21,12,7,7.36,True,22,0,76,43.24,329.5,2
1106,464,19,0,1,5.95,False,0,1,2,3.3,74.7,0
1140,790,56,1,1,5.56,False,0,0,3,5.36,135.3,0
1115,888,65,3,1,5.38,True,2,0,2,0.11,113.3,0
1459,707,59,2,0,4.92,True,4,0,1,3.33,60.6,0
1768,204,13,4,5,6.25,True,10,0,51,15.97,49.6,3
1302,910,43,2,0,4.59,False,0,0,2,6.58,165.4,0
1764,542,14,3,3,6.31,True,13,0,41,8.88,150.6,3
1032,275,34,0,0,4.99,True,9,0,1,4.66,98.3,0
1217,914,53,2,0,4.76,False,0,1,0,2.88,36.4,0
1166,277,79,1,0,6.16,False,0,2,0,5.29,133.5,0
1369,824,50,2,0,6.21,False,0,0,3,5.69,112.7,0
1657,957,9,9,3,7.06,True,36,1,13,11.83,89.3,1
1710,897,25,13,5,7.0,True,25,1,68,40.47,325.2,2
1017,550,45,3,1,4.98,False,0,0,3,0.34,77.4,0
1683,281,17,8,3,7.52,True,12,1,70,17.08,136.3,2
1028,260,80,0,1,5.39,False,0,2,2,3.83,111.2,0
1678,291,29,10,1,6.91,True,25,1,36,5.64,131.4,1
1174,910,42,0,0,5.67,True,3,2,1,1.86,158.3,0
1692,829,16,7,5,7.71,True,14,2,55,41.7,275.3,2
1512,924,76,0,0,5.56,False,0,0,3,5.32,146.8,0
1075,668,65,2,1,5.79,False,0,2,1,2.81,181.0,0
1535,830,76,1,1,5.15,False,0,1,3,5.28,158.2,0
1380,360,74,0,1,4.53,False,0,1,2,4.27,61.6,0
1596,243,77,1,1,5.51,True,6,2,3,2.9,142.2,0
1458,219,54,2,1,5.95,False,0,1,0,4.21,101.0,0
1618,906,8,6,2,6.97,True,45,0,19,7.86,93.2,1
1758,573,13,2,3,6.86,True,14,0,20,21.41,108.3,3
1719,455,5,8,8,7.56,True,17,2,32,47.95,290.9,2
1704,755,21,9,5,7.61,True,8,2,83,53.5,328.9,2
1687,977,12,8,4,7.69,True,19,2,92,57.32,142.0,2
1446,299,41,3,1,4.99,False,0,1,3,0.95,141.2,0
1202,210,20,0,0,5.56,True,2,2,2,1.3,130.5,0
1105,694,13,3,1,4.98,False,0,2,0,5.51,125.2,0
1315,879,29,0,0,4.95,False,0,0,1,4.89,135.0,0
1123,717,72,1,0,5.42,True,2,2,0,0.82,94.5,0
1099,284,75,0,1,5.5,False,0,2,3,2.92,139.7,0
1121,443,53,1,1,5.57,False,0,2,2,5.09,86.8,0
1594,508,23,0,0,6.13,True,0,1,2,4.91,117.5,0
1124,867,23,1,1,5.5,False,0,2,2,2.12,130.5,0
1676,498,16,4,3,7.13,True,57,1,40,11.23,30.8,1
1569,689,42,1,0,5.47,True,8,0,3,2.91,151.9,0
1545,999,52,0,1,5.2,False,0,1,2,2.2,157.8,0
1351,360,26,3,0,5.47,False,0,1,2,3.11,141.0,0
1148,370,78,1,1,5.3,False,0,2,3,6.5,131.7,0
1173,610,15,1,1,5.63,True,2,0,2,4.77,117.1,0
1766,606,9,4,3,6.14,True,10,0,28,14.0,174.4,3
1310,244,66,2,1,4.77,True,1,1,3,2.54,122.7,0
1554,392,59,0,0,5.21,True,10,0,3,6.94,61.8,0
1518,934,22,1,0,5.8,True,5,2,1,5.72,153.2,0
1107,844,15,3,0,6.0,False,0,0,1,5.98,78.3,0
1505,968,11,3,0,5.74,True,6,1,1,5.62,57.0,0
1744,565,16,5,5,7.02,True,9,0,42,16.76,17.4,3
1020,216,28,3,0,5.73,False,0,2,3,4.61,80.0,0
1035,798,52,1,0,6.0,False,0,0,0,6.31,93.0,0
1225,480,34,0,1,5.71,True,2,2,3,5.81,77.9,0
1602,710,29,12,3,7.21,True,20,0,32,8.95,92.6,1
1587,787,78,0,1,5.43,False,0,0,0,4.79,143.2,0
1507,298,49,0,0,5.21,True,0,1,2,0.76,145.6,0
1094,645,54,3,1,4.82,True,5,0,0,6.67,75.7,0
1670,642,21,9,4,6.16,True,38,1,39,10.24,64.5,1
1593,660,54,0,1,5.23,False,0,1,2,1.65,108.3,0
1499,395,73,3,0,5.31,True,4,2,1,5.49,122.8,0
1644,506,26,12,3,7.21,True,19,1,34,9.68,67.3,1
1408,396,72,1,0,5.53,True,4,1,2,4.25,94.5,0
1636,760,5,10,4,6.76,True,50,0,25,2.11,103.0,1
1283,340,10,3,1,5.9,True,0,0,2,4.51,79.7,0
1104,762,41,2,1,5.44,True,0,1,2,2.7,150.8,0
1152,942,19,0,0,5.28,False,0,1,0,9.44,52.4,0
1541,997,63,1,1,5.79,True,8,1,0,4.04,124.1,0
1116,812,57,2,0,5.82,True,5,0,2,2.59,112.1,0
1209,752,10,1,1,5.35,False,0,2,0,1.57,111.1,0
1721,472,16,13,4,7.52,True,8,0,83,30.87,264.6,2
1461,497,43,1,1,6.06,True,2,0,2,4.32,97.1,0
1638,853,17,4,3,6.65,True,52,1,36,12.53,93.4,1
1454,298,64,1,0,5.33,True,4,1,1,1.02,88.3,0
1239,683,54,3,0,5.92,True,7,1,0,1.37,101.0,0
1401,615,53,0,0,5.39,True,4,0,1,9.71,126.0,0
1127,457,29,1,1,5.45,True,10,2,0,2.04,196.7,0
1726,752,10,15,4,6.98,False,0,0,92,60.53,217.0,2
1112,530,43,2,1,6.17,True,0,0,1,5.8,124.4,0
1134,528,20,2,0,4.95,False,0,2,0,0.6,55.2,0
1449,246,79,0,0,5.61,False,0,0,2,3.03,80.9,0
1431,755,49,0,0,5.4,True,3,0,3,3.62,106.3,0
1451,879,15,2,0,6.02,True,7,2,3,4.04,44.8,0
1489,222,42,0,0,5.72,False,0,0,1,7.27,80.0,0
1381,530,20,1,0,6.96,True,5,0,0,3.71,131.4,0
1547,998,27,1,0,5.68,True,1,0,2,2.91,118.6,0
1062,886,69,3,0,5.43,False,0,2,3,3.77,40.5,0
1537,275,47,1,0,5.34,False,0,1,0,7.37,117.5,0
1211,740,26,0,0,5.9,True,3,1,1,5.86,131.4,0
1661,550,10,5,1,6.16,True,50,1,12,9.61,97.7,1
1564,468,28,2,1,5.32,False,0,0,0,2.12,147.8,0
1171,574,30,1,0,5.32,True,7,0,1,1.22,149.6,0
1133,481,48,3,0,5.77,True,3,0,3,3.25,152.2,0
1713,932,16,13,3,7.66,True,22,2,47,39.43,115.2,2
1218,500,47,3,1,5.76,True,7,0,0,4.09,158.9,0
1128,807,20,2,0,5.86,False,0,2,3,3.54,142.8,0
1420,973,33,3,0,6.14,False,0,0,3,5.48,154.0,0
1119,625,65,1,1,5.78,False,0,1,0,4.23,87.6,0
1452,829,48,3,1,5.05,True,4,0,1,6.24,68.6,0
1468,853,13,2,0,5.16,True,5,1,0,0.28,152.7,0
1430,650,71,1,1,5.81,False,0,1,2,4.15,139.7,0
1059,462,32,0,0,5.98,True,4,1,3,4.92,75.2,0
1781,634,13,8,4,6.37,True,9,1,31,17.85,92.1,3
1688,716,18,11,8,7.27,True,16,1,37,4.45,274.6,2
1102,507,65,2,1,5.71,True,0,0,1,0.44,108.4,0
1256,624,68,3,0,5.74,True,7,2,1,3.59,110.7,0
1386,291,19,0,1,5.21,False,0,2,1,2.81,47.8,0
1450,642,16,3,1,5.55,False,0,1,1,0.93,82.2,0
1494,832,75,3,0,5.86,True,10,2,1,5.23,131.4,0
1244,964,15,2,0,5.31,True,0,0,3,2.37,105.5,0
1188,534,16,1,1,6.16,False,0,2,0,3.85,124.1,0
1586,391,54,3,0,6.37,True,6,2,3,0.94,124.4,0
1486,508,69,2,0,5.8,False,0,1,1,3.82,130.6,0
1631,211,30,12,2,6.56,True,49,1,40,7.85,89.2,1
1503,906,42,3,0,5.07,False,0,1,2,3.67,145.4,0
1731,299,7,6,7,7.54,True,20,2,60,35.62,363.3,2
1783,601,8,2,6,7.39,True,6,1,16,22.4,111.9,3
1362,584,35,0,1,5.24,True,7,0,3,1.05,42.5,0
1479,344,46,1,0,5.42,True,4,2,2,6.2,78.5,0
1018,400,24,1,1,5.49,True,3,1,2,6.93,155.1,0
1200,705,32,1,0,5.42,True,3,0,3,7.09,182.3,0
1377,426,56,2,1,5.28,False,0,1,0,1.4,147.9,0
1103,427,41,3,0,5.65,True,2,2,2,5.93,102.0,0
1178,551,18,2,0,5.54,False,0,0,0,6.57,84.2,0
1053,994,21,3,1,5.84,False,0,1,0,5.83,91.5,0
1292,619,18,2,1,5.09,True,2,0,3,5.58,134.7,0
1522,996,44,0,0,5.08,False,0,2,0,2.3,142.7,0
1212,738,18,2,1,5.28,False,0,2,2,2.6,59.0,0
1686,597,10,8,6,7.6,True,17,0,40,51.91,319.8,2
1045,531,15,2,1,4.63,True,1,2,2,4.85,125.9,0
1083,375,37,1,0,5.26,False,0,2,2,0.94,77.8,0
1627,458,5,7,3,7.45,True,37,0,38,8.41,99.7,1
1349,798,52,1,1,5.3,True,9,0,3,3.47,161.5,0
1015,514,50,3,1,5.6,True,4,1,3,6.39,78.1,0
1070,520,68,2,0,5.65,True,1,0,0,4.72,146.7,0
1482,871,24,1,0,5.12,False,0,2,1,6.78,108.0,0
1172,273,57,0,1,5.14,True,1,2,0,4.9,87.0,0
1517,265,10,0,0,5.48,False,0,2,0,3.05,185.1,0
1159,971,48,0,0,5.78,True,3,1,1,4.0,90.5,0
1096,333,50,0,0,4.74,True,3,2,3,0.43,108.7,0
1044,930,77,0,0,5.31,True,8,1,2,0.52,119.9,0
1137,708,46,2,0,5.34,True,2,0,0,2.1,160.3,0
1641,969,10,4,4,6.54,True,45,0,30,3.84,123.7,1
1412,540,14,1,1,5.88,True,10,2,2,4.91,88.5,0
1457,701,56,3,1,5.8,False,0,0,2,1.29,97.1,0
1526,594,15,1,1,5.37,False,0,0,3,5.86,114.0,0
1760,331,10,5,2,6.87,True,13,1,54,18.65,120.9,3
1080,409,48,3,1,5.75,False,0,0,2,3.57,98.8,0
1348,633,76,1,0,5.58,False,0,1,2,7.85,139.8,0
1078,847,40,2,1,5.61,True,0,1,3,0.73,159.8,0
1207,362,25,3,0,5.69,True,5,2,3,4.02,106.5,0
1249,248,42,2,0,5.8,False,0,1,1,7.14,113.1,0
1316,938,28,2,1,5.16,True,3,2,3,2.57,190.2,0
1111,634,59,0,1,5.42,False,0,2,3,3.16,110.8,0
1110,677,78,3,0,5.6,False,0,2,0,0.7,88.0,0
1168,963,73,2,1,5.69,False,0,1,1,3.65,131.4,0
1472,891,10,0,1,6.04,False,0,0,3,1.3,99.8,0
1295,432,50,2,0,5.77,True,4,0,0,6.51,72.5,0
1038,799,57,0,0,5.86,True,3,2,3,4.29,102.8,0
1690,406,21,9,8,7.66,False,0,1,56,27.76,396.7,2
1786,576,13,2,3,6.55,True,6,0,44,7.84,76.2,3
1474,616,13,2,1,5.73,True,2,2,2,3.61,125.8,0
1142,330,63,2,1,5.76,False,0,0,0,1.12,116.7,0
1029,359,63,2,1,4.63,True,10,1,0,5.81,150.0,0
1475,440,54,2,0,5.09,False,0,1,2,3.28,131.3,0
1270,743,30,1,1,5.41,True,9,1,2,4.62,91.5,0
1455,682,66,2,0,5.11,False,0,1,1,5.3,165.6,0
1041,462,23,1,0,5.54,False,0,0,1,3.44,138.8,0
1466,798,12,1,1,5.35,False,0,0,2,4.95,94.8,0
1502,251,22,0,1,5.37,True,7,1,0,4.57,132.6,0
1667,813,18,8,3,6.69,True,45,1,40,5.74,120.0,1
1613,479,7,7,2,7.65,True,40,0,16,4.24,76.0,1
1323,705,56,2,0,5.18,True,7,1,1,4.16,72.2,0
1612,251,30,5,1,7.06,True,59,0,28,1.58,54.3,1
1350,740,13,3,1,5.4,True,7,2,3,0.2,132.2,0
1267,814,42,3,0,6.18,True,3,0,1,2.58,146.9,0
1616,731,24,3,4,6.55,True,48,0,25,9.08,125.2,1
1234,300,73,0,0,5.98,True,1,1,0,5.41,135.5,0
1006,212,52,3,0,5.89,True,8,2,2,1.57,66.8,0
1437,294,50,3,1,5.06,True,4,1,0,2.96,66.4,0
1557,899,29,2,0,5.24,True,6,2,1,3.37,111.0,0
1414,964,38,2,1,5.91,False,0,2,0,5.65,97.2,0
1224,839,63,2,1,5.85,True,5,0,3,3.3,97.6,0
1324,879,25,3,1,4.5,True,7,1,2,5.25,136.4,0
1642,580,26,11,4,6.5,True,36,1,38,8.48,54.6,1
1567,339,44,1,1,5.5,False,0,1,2,4.9,178.8,0
1608,349,14,10,4,6.61,True,37,0,20,1.53,137.5,1
1405,324,20,3,1,5.28,False,0,2,1,3.49,107.1,0
1398,966,64,3,1,5.29,True,3,2,3,5.05,112.9,0
1344,587,40,3,0,5.79,True,1,0,2,3.33,109.6,0
1470,718,14,2,1,5.81,True,9,0,0,3.15,111.1,0
1016,851,28,2,0,5.56,True,1,1,0,0.54,114.8,0
1341,350,38,2,1,5.56,False,0,0,3,4.68,111.0,0
1576,310,12,1,1,5.24,True,3,2,3,1.53,108.3,0
1680,426,15,13,5,6.88,False,0,0,46,32.05,332.6,2
1050,467,26,2,1,5.52,False,0,1,0,2.77,148.0,0
1637,741,29,3,3,6.58,True,46,1,23,6.71,106.4,1
1286,849,12,3,0,5.47,True,7,1,2,2.53,150.6,0
1654,804,18,3,4,6.78,True,51,1,18,1.17,53.6,1
1320,624,76,2,1,5.82,False,0,2,2,3.79,157.8,0
1734,922,5,13,8,7.55,True,10,2,96,68.44,291.4,2
1090,532,51,2,0,5.33,True,3,2,0,1.19,88.1,0
1081,847,51,0,0,5.04,True,1,1,0,1.34,154.7,0
1138,446,23,3,0,5.0,False,0,0,1,4.45,40.6,0
1491,237,74,2,1,5.23,True,5,2,2,4.54,84.0,0
1534,498,14,0,0,5.84,True,1,2,0,1.57,59.4,0
1311,830,64,2,0,5.52,True,7,2,0,3.55,142.8,0
1338,990,74,1,1,5.82,True,6,1,1,4.95,208.3,0
1139,631,58,3,0,4.91,True,2,1,0,4.99,195.1,0
1759,645,16,2,5,5.82,False,0,1,47,10.69,72.9,3
1396,996,74,1,0,5.55,False,0,0,2,3.81,129.2,0
1464,523,80,1,0,5.58,False,0,1,2,6.64,80.0,0
1561,690,49,1,0,5.71,False,0,0,1,5.97,137.1,0
1153,531,54,3,1,4.72,False,0,0,3,5.29,107.0,0
1621,357,16,12,4,6.38,True,20,0,11,5.09,75.0,1
1182,678,17,0,1,5.31,False,0,0,1,2.34,62.3,0
1250,262,62,2,1,5.19,True,5,2,0,3.34,190.6,0
1653,437,9,4,4,6.28,True,20,0,36,4.17,67.4,1
1192,345,22,0,1,5.5,True,7,0,3,1.68,80.6,0
1291,715,65,2,0,5.7,False,0,1,2,4.1,114.4,0
1422,806,44,0,0,5.62,True,10,1,0,1.88,98.7,0
1306,376,24,2,1,4.81,True,6,0,2,7.78,118.8,0
1383,575,51,1,0,5.19,False,0,2,3,7.28,96.1,0
1183,437,13,0,1,5.43,False,0,2,0,3.49,148.7,0
1595,809,42,0,1,4.7,True,9,0,1,2.02,109.5,0
1599,537,11,1,1,4.93,True,0,2,1,0.44,203.2,0
1622,766,21,9,4,6.36,True,51,0,39,11.33,98.9,1
1487,453,50,3,1,5.02,True,0,1,3,0.65,161.2,0
1666,381,13,6,2,6.31,True,43,0,40,7.17,99.1,1
1193,676,54,3,0,6.19,True,1,1,3,1.39,175.3,0
1445,979,59,3,1,4.88,False,0,1,2,3.02,159.1,0
1709,285,23,5,7,7.4,True,12,2,55,51.9,279.3,2
1255,987,22,2,1,4.89,True,1,0,2,3.5,150.0,0
1643,591,26,11,1,6.76,True,35,1,17,8.4,53.8,1
1309,284,55,2,1,4.84,True,9,0,1,6.04,113.0,0
1353,636,31,0,0,4.7,True,7,1,0,3.33,181.1,0
1544,355,67,0,1,5.76,False,0,0,0,2.17,11.1,0
1039,367,35,2,1,5.52,True,1,1,1,1.68,114.2,0
1629,757,7,8,4,7.2,True,21,1,20,0.84,88.4,1
1742,880,21,11,8,7.31,True,10,0,68,45.09,148.2,2
1238,923,31,0,1,5.13,False,0,2,1,0.12,86.9,0
1746,620,18,9,4,6.2,True,6,0,43,5.88,83.3,3
1284,557,77,3,0,5.72,True,3,0,3,7.09,49.0,0
1619,570,8,12,3,7.02,True,26,1,33,3.64,98.0,1
1063,851,33,3,1,5.5,True,2,1,2,4.14,50.0,0
1392,775,23,3,0,5.76,True,3,2,3,3.54,157.7,0
1087,932,54,3,0,5.57,True,4,0,3,6.42,202.1,0
1787,931,13,8,2,6.44,True,5,0,15,11.93,168.5,3
1658,695,5,7,2,6.81,True,53,0,17,4.01,92.4,1
1057,931,14,3,0,5.72,True,6,0,3,5.69,156.0,0
1553,435,70,2,0,5.5,True,1,2,1,3.67,63.8,0
1144,487,22,0,0,4.92,True,1,0,3,5.77,82.3,0
1354,829,48,2,1,6.17,False,0,2,1,7.87,130.3,0
1179,314,54,2,1,5.41,True,4,2,1,1.31,119.7,0
1523,452,53,0,1,5.75,False,0,1,0,4.07,100.2,0
1601,787,29,12,1,6.35,True,31,1,35,1.74,82.2,1
1425,674,11,2,1,5.34,False,0,1,2,3.56,140.6,0
1325,388,65,2,0,5.66,True,6,0,0,7.85,132.8,0
1532,993,51,0,0,4.9,False,0,1,1,5.81,109.9,0
1672,533,7,12,3,7.25,True,54,1,15,6.4,79.7,1
1465,859,47,1,1,5.52,True,2,1,1,5.73,94.1,0
1652,558,9,11,3,6.87,True,19,0,14,11.43,115.4,1
1360,211,59,1,0,5.75,True,7,2,0,4.33,153.7,0
1696,788,25,6,6,7.39,False,0,0,90,50.83,273.9,2
1155,906,79,0,0,5.14,False,0,2,1,2.9,83.0,0
1662,348,16,9,2,6.12,True,57,0,26,4.02,81.7,1
1633,206,6,4,3,6.49,True,43,1,14,11.76,136.3,1
1287,987,24,0,1,4.97,False,0,1,0,0.32,174.5,0
1086,960,70,2,1,5.23,True,7,1,3,8.13,147.0,0
1186,521,63,0,1,5.81,True,7,0,2,5.73,129.3,0
1389,714,29,3,0,5.52,True,9,2,0,6.24,84.8,0
1549,468,68,3,0,5.15,True,3,1,1,3.58,159.3,0
1635,273,15,5,4,6.34,True,43,1,34,9.93,54.9,1
1261,925,75,2,1,6.61,True,7,1,1,2.58,113.3,0
1162,530,21,1,0,5.9,False,0,2,0,2.54,117.5,0
1589,672,26,3,0,5.23,True,6,1,2,3.32,73.3,0
1258,871,47,0,1,6.0,True,3,2,2,0.95,137.4,0
1546,869,50,3,0,4.97,False,0,2,0,3.74,130.8,0
1552,731,62,0,0,5.19,True,0,2,2,2.32,97.3,0
1260,421,65,0,1,5.41,False,0,0,2,0.7,143.5,0
1665,352,22,11,3,6.36,True,28,0,17,7.95,64.8,1
1264,303,64,0,0,5.97,True,3,2,1,0.59,118.4,0
1559,442,24,0,0,6.32,False,0,2,0,2.9,52.1,0
1228,356,52,1,0,5.64,True,0,1,3,5.46,164.8,0
1042,244,17,1,1,5.45,True,3,2,0,7.62,111.5,0
1149,920,11,1,1,6.32,True,5,2,0,5.69,118.5,0
1197,769,67,1,1,5.48,False,0,2,0,6.41,112.5,0
1651,985,8,7,2,7.37,True,52,1,24,5.4,88.4,1
1632,510,20,9,4,6.85,True,60,1,16,6.98,83.7,1
1515,581,75,0,0,5.91,True,5,2,3,3.25,148.0,0
1055,952,15,0,1,6.17,False,0,2,2,4.86,137.1,0
1026,962,19,0,0,5.57,False,0,2,1,5.27,163.3,0
1275,594,47,2,0,5.56,False,0,0,1,4.42,128.4,0
1788,332,12,7,2,6.25,True,10,0,55,12.02,102.5,3
1694,552,20,12,6,6.85,False,0,1,91,33.9,66.7,2
1330,966,38,3,1,5.77,True,0,2,1,3.97,164.4,0
1367,587,27,0,1,5.5,True,9,0,3,2.46,153.5,0
1716,339,20,5,5,7.33,True,17,1,32,32.95,206.9,2
1729,799,9,11,3,7.84,True,8,1,64,8.29,217.7,2
1285,339,18,2,1,5.62,False,0,0,3,2.78,126.5,0
1054,304,40,1,0,5.56,False,0,2,0,6.32,100.1,0
1433,422,44,3,1,5.42,True,9,2,3,7.63,110.0,0
1231,206,38,3,0,5.27,True,2,1,0,2.94,136.9,0
1156,982,60,1,0,5.31,True,7,2,2,1.97,132.4,0
1671,719,16,8,3,7.29,True,23,1,37,13.33,62.7,1
1712,554,16,12,8,7.1,True,8,2,31,44.14,361.2,2
1714,552,19,11,6,7.91,True,6,1,100,47.2,182.6,2
1551,644,54,0,1,5.59,True,3,2,3,4.28,77.1,0
1797,398,20,3,2,6.67,True,9,1,22,11.61,30.9,3
1610,919,14,11,1,7.43,True,56,1,14,6.14,63.3,1
1723,306,18,14,3,7.08,True,25,0,36,41.0,277.1,2
1565,283,76,3,1,5.89,True,5,1,0,5.55,138.8,0
1282,632,60,1,0,5.91,False,0,0,0,2.72,74.1,0
1784,882,20,6,6,6.32,False,0,0,56,21.81,27.2,3
1184,638,20,2,1,4.87,True,6,0,2,2.21,160.2,0
1365,424,14,3,0,6.0,True,2,2,2,6.79,163.8,0
1663,771,9,3,1,6.47,True,37,0,21,15.61,86.1,1
1215,741,18,0,0,5.58,True,5,0,3,2.87,160.1,0
1318,902,46,0,0,4.98,True,8,0,1,4.44,159.0,0
1730,841,10,9,4,7.31,True,10,2,41,29.77,249.5,2
1280,694,47,1,1,5.26,True,10,0,1,7.07,104.4,0
1402,546,39,1,1,5.13,False,0,1,0,5.85,91.5,0
1749,950,3,2,6,6.53,True,5,0,60,10.37,86.7,3
1640,670,23,10,4,7.21,True,50,0,16,9.12,71.9,1
1314,862,39,2,0,5.9,False,0,1,3,4.4,179.0,0
1143,275,35,0,0,5.19,True,4,0,3,4.71,142.3,0
1566,334,65,2,0,5.21,True,2,1,1,0.59,134.1,0
1343,337,32,1,0,4.97,False,0,2,0,3.68,143.0,0
1036,611,60,0,1,5.85,True,10,0,3,0.4,132.6,0
1542,799,64,1,0,5.44,True,5,2,3,5.58,60.3,0
1410,497,72,1,1,4.76,True,6,2,3,3.33,182.9,0
1525,689,26,2,1,5.57,True,5,2,2,6.88,114.7,0
1052,870,74,3,1,5.32,False,0,2,0,1.27,69.1,0
1251,351,60,0,1,5.57,True,9,2,2,3.9,105.9,0
1163,324,44,2,1,4.72,False,0,2,3,1.81,137.4,0
1591,502,63,0,0,5.96,True,3,2,2,7.34,144.2,0
1043,948,64,3,1,5.46,True,2,2,2,5.12,72.8,0
1485,760,22,1,1,5.64,True,2,2,3,2.26,148.5,0
1356,709,23,2,0,5.74,True,7,0,1,3.92,136.9,0
1538,613,27,1,0,5.86,False,0,2,2,6.38,180.0,0
1604,913,18,10,1,7.3,True,32,1,37,9.21,83.1,1
1235,903,51,0,1,5.19,False,0,0,2,4.58,188.0,0
1740,450,22,6,8,7.6,True,13,0,67,34.38,265.2,2
1424,477,23,1,0,6.28,True,0,2,2,3.05,179.0,0
1677,866,24,9,4,6.66,True,40,1,27,8.39,61.6,1
1615,327,8,3,4,7.5,True,54,1,22,11.67,84.4,1
1074,320,77,2,0,5.58,True,8,1,3,6.5,161.7,0
1456,596,56,2,0,6.34,True,1,2,2,4.69,157.6,0
1241,644,69,1,1,5.97,False,0,0,0,3.2,143.3,0
1160,555,13,3,1,5.48,True,0,0,1,5.08,95.5,0
1051,302,33,1,1,5.89,False,0,0,0,2.74,86.5,0
1506,824,37,2,0,5.05,False,0,1,0,6.69,96.9,0
1048,650,34,3,1,6.57,True,8,1,3,4.79,139.1,0
1795,512,15,3,6,6.63,True,4,0,30,7.48,112.9,3
1463,849,37,1,0,4.86,False,0,0,0,1.35,197.0,0
1296,673,10,0,0,6.13,False,0,2,2,3.26,180.7,0
1681,649,7,9,8,7.33,True,23,0,38,46.94,209.8,2
1304,602,13,3,1,5.41,True,2,2,0,4.02,144.1,0
1388,808,31,1,1,5.06,False,0,1,1,4.28,118.0,0
1572,761,43,3,0,5.7,True,0,2,3,5.72,77.1,0
1097,315,38,1,1,5.32,False,0,1,1,6.3,80.8,0
1373,857,80,0,0,4.99,False,0,1,2,0.76,154.8,0
1563,203,66,0,1,5.66,True,0,0,3,2.68,77.5,0
1266,325,76,0,0,5.24,True,10,0,1,6.22,147.2,0
1021,668,32,1,0,4.52,True,3,2,0,4.5,150.5,0
1533,382,39,2,0,6.18,True,5,0,3,4.55,133.3,0
1609,330,9,8,1,6.96,True,33,1,17,7.33,29.7,1
1495,963,23,3,0,5.95,False,0,2,2,4.95,88.3,0
1656,303,29,10,1,6.31,True,59,0,13,6.06,42.9,1
1668,478,5,4,3,6.66,True,33,1,26,5.06,73.1,1
1747,368,7,8,6,6.57,False,0,0,32,12.99,79.3,3
1141,734,61,0,0,6.26,False,0,1,0,2.98,123.4,0
1415,390,53,1,1,5.57,True,4,2,0,4.64,44.6,0
1403,680,73,2,1,5.83,True,4,0,0,5.49,160.6,0
1737,833,15,9,6,7.29,True,14,1,70,36.94,269.9,2
1722,736,20,13,6,7.56,False,0,1,64,45.12,264.7,2
1145,218,11,2,1,5.35,False,0,2,2,5.66,73.4,0
1300,285,13,0,0,5.16,False,0,1,2,4.44,175.9,0
1254,249,52,1,0,5.34,False,0,2,1,9.38,87.1,0
1101,438,13,3,0,5.34,True,4,0,1,3.08,44.8,0
1058,982,39,0,0,5.18,True,9,2,2,4.97,105.7,0
1024,360,23,0,0,4.72,True,6,2,1,1.41,77.1,0
1776,671,8,3,6,6.3,True,10,1,28,9.52,69.7,3
1600,440,13,3,4,6.62,True,53,1,18,6.29,48.6,1
1164,485,43,2,0,5.16,False,0,1,1,4.56,74.0,0
1536,696,33,0,0,5.8,True,4,2,2,5.44,138.5,0
1004,853,15,0,1,5.28,False,0,2,0,6.37,187.9,0
1777,592,19,9,3,6.81,True,15,0,33,10.21,96.6,3
1743,961,14,14,5,7.62,False,0,0,99,45.69,270.7,2
1757,646,15,5,3,7.41,True,13,0,57,6.85,68.0,3
1765,781,6,4,4,6.53,True,15,0,53,8.56,142.4,3
1288,258,51,0,1,5.02,True,6,0,3,4.17,141.3,0
1693,685,11,5,8,7.63,True,10,1,100,34.01,225.8,2
1513,914,70,2,1,5.8,True,0,2,2,3.95,71.1,0
1154,705,48,0,0,5.23,True,6,1,1,5.33,121.7,0
1685,921,24,10,5,7.51,False,0,1,32,64.32,270.8,2
1597,928,15,1,1,5.37,False,0,0,1,1.56,99.6,0
1279,291,56,1,1,5.92,False,0,2,1,5.09,187.6,0
1751,709,8,2,5,6.8,True,10,0,51,26.09,87.3,3
1336,598,69,1,0,5.19,False,0,2,0,3.8,152.9,0
1113,528,38,0,0,5.34,True,1,2,0,4.02,162.8,0
1504,578,51,2,0,5.22,True,9,2,3,0.81,129.9,0
1008,225,72,2,1,6.01,True,2,0,1,4.24,125.9,0
1272,909,29,3,1,5.78,True,6,2,0,1.42,115.1,0
1484,935,29,0,0,4.86,False,0,1,0,2.92,99.8,0
1480,389,20,1,0,4.9,False,0,1,3,3.55,154.4,0
1125,632,55,1,0,5.27,False,0,1,0,3.81,75.0,0
1421,851,29,3,1,5.65,True,7,1,2,5.94,219.8,0
1216,705,25,2,1,6.13,True,8,1,1,2.98,83.7,0
1146,922,43,1,0,5.25,True,0,0,3,2.35,91.4,0
1079,437,52,3,1,4.96,True,3,1,2,3.31,182.4,0
1298,651,64,0,0,5.17,True,0,1,2,1.79,162.5,0
1568,522,33,1,1,5.03,True,3,2,2,1.7,56.0,0
1322,213,67,0,0,5.49,True,3,0,1,3.7,82.4,0
1372,467,42,1,0,5.56,False,0,1,0,6.73,145.5,0
1185,389,50,1,1,5.59,False,0,1,2,4.93,89.8,0
1789,914,11,3,4,6.67,True,4,0,15,10.89,88.9,3
1118,385,45,1,1,5.63,True,2,1,1,4.54,79.5,0
1625,601,29,9,2,7.06,True,52,0,10,14.89,70.7,1
1382,988,47,2,0,4.92,False,0,0,1,3.95,161.3,0
1419,726,44,1,0,5.69,True,2,2,2,4.39,140.2,0
1483,530,19,1,0,5.68,True,2,1,3,0.88,146.6,0
1745,491,16,5,2,6.03,True,13,1,52,25.08,115.2,3
1201,838,18,1,1,5.91,True,4,1,0,5.35,100.8,0
1555,728,36,2,1,5.28,True,3,1,2,1.83,42.6,0
1355,250,47,1,1,5.63,False,0,2,1,2.46,166.0,0
1305,574,80,1,0,5.06,False,0,2,0,1.99,81.6,0
1423,226,53,0,0,5.45,True,8,0,0,5.5,166.7,0
1319,617,35,3,1,4.85,True,0,1,1,3.55,69.5,0
1109,908,66,3,0,5.2,True,1,0,3,6.12,170.8,0
1527,794,17,2,1,5.49,True,9,0,3,5.98,191.2,0
1214,399,20,3,1,5.07,True,6,2,1,0.85,120.0,0
1227,363,80,3,0,5.48,True,3,1,2,4.44,110.6,0
1313,923,52,1,0,5.81,True,5,1,0,2.59,93.7,0
1698,923,11,10,6,7.38,False,0,1,91,34.65,236.3,2
1598,467,27,1,1,5.39,False,0,2,1,6.49,139.7,0
1220,309,46,1,0,5.82,False,0,1,1,3.21,96.1,0
1755,530,15,7,5,6.39,False,0,1,38,7.09,23.0,3
1359,430,32,3,1,5.45,True,3,0,0,2.16,109.4,0
1792,765,4,8,4,6.86,False,0,0,52,19.32,133.6,3
1785,850,12,6,5,6.78,True,8,0,31,2.05,172.7,3
1014,362,51,0,0,5.09,True,3,2,3,5.14,145.7,0
1428,566,55,1,1,5.98,False,0,1,2,3.56,157.6,0
1579,691,61,2,0,5.56,False,0,0,2,1.67,138.7,0
1477,662,51,0,0,5.74,False,0,0,0,2.11,80.2,0
1088,550,54,0,0,5.97,True,1,2,0,3.4,181.8,0
1327,372,60,1,0,5.71,False,0,0,0,4.36,77.6,0
1329,997,47,3,0,5.14,False,0,1,3,2.41,64.6,0
1274,349,46,0,0,5.64,False,0,1,3,4.08,173.3,0
1331,769,48,2,1,5.57,False,0,1,2,0.83,186.2,0
1592,946,18,0,0,5.72,True,8,1,2,3.04,97.1,0
1297,575,10,3,1,4.87,True,8,2,3,3.4,110.0,0
1439,828,79,0,1,5.39,False,0,2,2,2.6,104.7,0
1509,605,80,3,1,5.45,True,8,0,3,6.18,140.0,0
1417,622,62,2,0,5.72,True,4,2,2,0.9,169.7,0
1085,606,68,2,1,5.17,True,4,2,1,6.84,99.2,0
1794,455,16,8,6,5.5,True,5,0,46,7.46,19.1,3
1308,841,70,2,0,5.56,True,6,1,0,7.65,120.9,0
1135,649,61,2,0,5.52,True,1,0,3,0.59,112.5,0
1205,897,23,2,0,5.9,True,6,1,0,5.3,171.8,0
1548,710,31,2,1,5.28,True,2,0,2,1.36,122.8,0
1368,891,76,1,1,5.84,False,0,0,3,5.72,191.3,0
1560,621,49,0,0,5.89,False,0,2,1,6.03,181.3,0
1117,868,68,3,0,5.05,True,3,0,2,5.54,85.9,0
1427,322,24,1,0,5.23,True,3,0,3,0.73,149.9,0
1001,913,56,0,1,4.8,False,0,1,0,4.41,39.5,0
1571,791,16,3,0,5.19,False,0,1,0,2.61,50.4,0
1299,554,29,3,0,5.04,False,0,2,2,5.03,88.4,0
1756,345,11,8,5,6.43,True,15,0,49,22.4,93.2,3
1543,327,80,0,1,5.87,True,4,0,2,1.34,136.0,0
1364,678,11,3,0,5.75,False,0,0,2,1.25,141.0,0
1240,591,47,2,0,4.84,False,0,0,3,2.65,34.7,0
1441,605,41,1,0,5.72,True,1,1,2,3.62,164.2,0
1278,718,76,3,1,5.75,True,8,2,2,4.93,189.3,0
1639,799,20,3,3,6.63,True,24,0,26,11.13,38.5,1
1580,695,38,0,0,5.43,True,5,1,3,5.6,4.1,0
1068,217,39,0,1,5.77,True,7,2,0,4.96,153.6,0
1165,885,23,1,1,4.82,False,0,1,0,4.78,124.6,0
1271,866,62,3,1,5.5,False,0,0,3,4.95,214.4,0
1161,233,65,3,1,6.35,False,0,0,2,4.43,103.1,0
1614,740,16,7,1,6.95,True,44,0,34,12.08,109.9,1
1453,535,21,3,0,4.99,True,5,0,1,3.09,113.3,0
1738,537,13,12,8,7.62,True,12,1,72,63.46,221.7,2
1416,816,79,1,0,4.74,True,9,2,0,5.2,78.6,0
1194,783,58,2,0,5.49,True,10,0,3,7.69,91.1,0
1444,586,56,2,1,5.49,True,8,1,0,7.47,68.8,0
1436,695,53,2,1,5.47,True,4,0,3,1.94,116.2,0
1229,464,32,0,1,5.74,False,0,2,0,0.7,208.5,0
1027,569,58,0,0,5.39,False,0,2,1,7.11,85.7,0
1385,718,71,1,1,5.44,True,2,0,1,4.03,142.8,0
1206,488,38,1,0,5.27,True,2,1,0,4.59,98.7,0
1669,355,9,7,3,6.23,True,57,0,40,13.8,36.3,1
1728,595,21,13,8,7.53,True,7,0,45,53.34,162.8,2
1725,388,7,12,6,7.45,False,0,2,100,48.93,239.7,2
1796,624,14,9,6,6.92,True,13,0,29,6.32,129.8,3
1098,854,51,0,0,4.93,False,0,1,3,2.49,175.0,0
1037,938,20,2,1,5.38,True,3,0,3,5.85,85.4,0
1467,680,10,3,0,5.43,True,9,0,2,3.52,147.0,0
1253,785,40,0,0,5.31,True,0,1,2,4.11,79.0,0
1689,333,13,12,6,7.55,True,22,2,55,60.44,169.9,2
1358,305,66,3,0,4.88,True,10,2,1,3.04,193.6,0
1699,959,7,11,7,6.87,False,0,2,64,41.81,169.9,2
1019,483,23,1,0,5.77,False,0,1,2,5.39,109.9,0
1157,356,19,3,1,5.53,True,5,2,2,2.1,188.9,0
1328,931,55,0,0,5.46,False,0,2,2,0.06,79.1,0
1700,652,10,14,6,7.72,True,8,0,95,32.64,169.0,2
1570,953,69,0,1,5.93,True,6,2,0,4.24,94.4,0
1208,906,18,0,0,4.75,False,0,0,3,9.35,97.5,0
1222,852,36,2,0,5.03,True,9,0,1,5.64,82.5,0
1269,427,36,1,1,5.42,True,5,1,1,4.29,128.0,0
1257,456,50,2,0,5.74,False,0,2,3,4.95,83.8,0
1242,946,65,1,0,4.75,False,0,1,0,2.92,179.8,0
1130,234,15,1,1,6.13,True,0,2,3,5.67,110.0,0
1100,771,62,2,0,5.17,False,0,0,2,4.44,98.9,0
1606,514,5,7,2,6.66,True,56,0,27,7.37,87.9,1
1236,496,60,2,1,5.48,False,0,1,0,5.81,127.5,0
1233,691,56,0,1,6.01,True,0,2,2,3.94,140.6,0
1701,540,11,11,5,8.07,True,15,1,84,58.72,255.6,2
1262,513,11,1,0,5.46,True,9,0,0,2.96,150.7,0
1556,287,43,2,1,5.92,True,6,0,3,4.91,139.0,0
1150,475,10,0,0,5.75,True,5,1,2,6.1,136.2,0
1620,812,19,6,1,6.8,True,44,1,23,17.42,54.3,1
1675,832,24,6,4,6.65,True,48,0,35,12.92,85.7,1
1682,894,22,7,3,8.12,True,10,0,31,19.96,257.4,2
1375,745,13,3,1,5.38,True,8,2,3,7.04,139.2,0
1516,995,72,0,1,5.09,True,4,2,2,1.39,115.8,0
1519,951,41,3,0,5.75,False,0,0,2,4.09,75.6,0
1577,248,80,2,0,5.31,True,8,1,1,3.52,106.0,0
1190,273,24,0,0,5.58,True,7,2,2,2.78,134.9,0
1706,319,24,14,7,7.5,False,0,0,95,52.65,238.1,2
1363,384,37,0,1,5.48,True,1,2,0,4.42,122.2,0
1703,954,20,9,3,7.62,False,0,0,64,52.32,97.9,2
1290,309,19,2,0,5.26,False,0,0,0,3.49,143.5,0
1005,891,35,1,0,4.82,True,7,2,2,2.6,143.3,0
1091,201,22,2,0,5.15,True,4,2,2,8.22,162.8,0
1772,665,13,8,5,7.31,True,8,0,17,19.68,111.0,3
1293,270,63,3,0,5.81,True,0,2,2,6.04,136.1,0
1684,634,14,14,6,7.61,False,0,0,34,49.63,190.8,2
1122,705,57,2,1,5.69,True,10,1,2,2.82,135.9,0
1245,666,47,2,1,5.91,False,0,2,3,4.35,125.5,0
1590,322,55,0,1,5.9,False,0,2,0,3.43,167.8,0
1524,901,61,0,0,6.1,True,6,0,3,4.35,127.0,0
1562,819,63,3,0,6.04,True,2,0,2,1.6,92.3,0
1221,717,38,3,1,5.07,True,4,2,3,7.07,141.4,0
1031,838,60,3,0,5.06,True,10,0,1,5.47,118.7,0
1230,483,69,2,1,6.17,True,0,0,3,1.56,125.0,0
1177,976,78,0,1,5.46,True,10,2,3,4.69,140.4,0
1582,696,36,1,0,5.87,True,4,2,3,4.48,138.2,0
1361,350,32,3,1,6.02,True,8,0,3,4.39,82.5,0
1132,388,74,1,0,5.75,True,5,1,0,3.07,97.3,0
1066,424,23,3,1,5.65,True,0,2,0,1.24,92.9,0
1471,220,37,3,1,5.52,False,0,2,2,2.34,94.6,0
1448,941,19,0,0,6.29,True,5,1,2,3.94,153.1,0
1529,546,56,0,0,5.59,True,2,0,0,2.58,104.4,0
1660,881,23,7,2,7.09,True,37,0,16,9.33,64.0,1
1169,393,59,2,0,6.38,True,3,1,0,2.34,134.5,0
1510,655,64,1,1,6.07,True,1,2,0,3.74,165.2,0
1158,409,64,1,1,4.99,True,0,0,0,1.2,108.6,0
1335,861,40,1,0,5.58,False,0,1,3,5.3,151.5,0
1395,638,17,2,1,6.39,False,0,1,2,2.31,111.0,0
1443,320,76,0,0,5.57,True,7,2,2,7.07,157.1,0
1769,343,10,4,2,7.57,True,8,1,44,9.85,45.2,3
1010,637,15,3,1,6.09,False,0,0,0,2.08,173.2,0
1607,247,18,3,4,6.41,True,52,0,12,9.17,130.1,1
1391,748,72,0,1,5.89,False,0,2,3,2.5,85.6,0
1246,508,11,1,1,5.5,True,0,1,3,3.7,117.3,0
1289,391,49,3,0,5.35,False,0,1,3,2.57,115.9,0
1717,299,21,11,6,7.3,False,0,0,83,42.37,332.1,2
1393,401,35,3,0,5.67,True,9,0,2,2.02,116.8,0
1476,612,23,0,1,4.8,True,3,1,1,0.39,121.1,0
1252,688,64,3,1,5.23,True,4,0,1,1.52,130.5,0
1243,676,49,3,0,5.47,True,8,2,3,1.93,78.7,0
1733,886,25,12,7,7.92,False,0,0,58,24.45,106.6,2
1294,404,41,3,0,5.02,True,5,2,1,0.47,117.6,0
1321,751,16,2,1,5.96,False,0,0,3,5.67,74.9,0
1702,822,19,9,4,7.13,True,6,1,100,34.7,213.3,2
1007,418,33,1,0,5.5,False,0,2,3,1.37,104.8,0
1460,407,45,0,1,5.94,False,0,2,1,6.15,82.7,0
1000,832,56,1,1,5.22,True,5,1,3,3.02,107.1,0
1655,677,27,4,1,7.13,True,27,1,14,10.66,81.0,1
1493,424,73,0,1,6.05,False,0,1,0,4.88,98.1,0
1268,415,13,2,1,5.48,False,0,1,1,6.87,105.9,0
1753,927,18,7,5,6.5,True,13,0,38,21.38,142.8,3
1411,331,23,2,1,5.17,False,0,0,0,3.8,139.9,0
1347,951,68,3,0,5.64,True,3,2,1,3.43,180.9,0
1400,843,72,0,1,5.78,True,1,2,2,3.95,203.1,0
1378,544,68,0,0,5.75,True,2,0,2,4.43,76.1,0
1770,867,14,6,6,5.93,True,8,0,55,7.55,84.3,3
1763,384,11,8,3,6.31,True,3,1,48,15.08,54.0,3
1394,778,66,1,1,5.95,True,2,1,3,2.08,131.3,0
1237,298,50,3,1,5.58,True,10,2,3,5.44,139.1,0
1650,819,11,12,4,6.63,True,49,0,27,10.23,103.8,1
1646,247,19,6,1,6.06,True,56,1,17,7.7,82.4,1
1339,939,55,1,0,4.98,True,9,1,2,8.83,109.5,0
1626,668,9,9,4,7.09,True,28,0,16,4.95,87.6,1
1782,887,19,8,4,6.31,True,5,1,47,16.78,92.7,3
1114,376,58,2,1,4.86,True,1,2,1,5.31,131.6,0
1645,352,26,7,2,6.3,True,32,1,28,11.86,112.7,1
1210,844,25,0,1,5.84,False,0,1,1,3.65,44.0,0
1500,647,41,2,1,4.5,True,5,0,0,3.14,111.6,0
1528,519,35,3,0,5.51,False,0,2,2,11.58,105.3,0
1064,605,69,3,1,5.72,True,5,2,0,4.55,188.8,0
1691,444,6,10,4,7.47,False,0,1,31,48.43,277.1,2
1108,883,24,1,1,5.67,True,4,1,1,4.13,92.0,0
1550,421,77,1,0,5.46,True,8,0,1,6.05,116.2,0
1469,740,68,3,1,6.24,True,7,2,0,5.91,84.4,0
1630,703,26,6,4,7.07,True,45,0,39,5.15,40.3,1
1276,437,73,1,0,5.98,True,1,1,3,4.68,155.7,0
1061,717,43,3,1,6.27,False,0,0,0,5.08,148.9,0
1199,837,20,1,0,5.75,False,0,2,3,6.2,84.0,0
1508,701,18,1,0,5.6,True,0,2,1,4.76,129.2,0
1432,800,54,0,0,5.63,True,9,0,3,6.07,198.4,0
1736,275,15,14,6,7.05,False,0,1,32,49.59,206.3,2
1511,698,14,1,0,5.14,True,2,0,2,1.37,119.1,0
1791,660,5,3,2,6.81,True,11,0,50,6.1,3.8,3
1073,639,65,1,1,5.8,True,4,2,3,5.04,137.1,0
1049,776,26,3,1,5.83,False,0,0,0,2.99,125.8,0
1429,237,31,1,0,5.72,True,9,0,2,4.84,106.1,0
1673,223,18,4,4,6.94,True,21,0,37,13.36,80.5,1
1498,310,40,3,0,5.7,True,4,2,2,5.41,173.7,0
1440,317,40,0,1,6.21,False,0,2,1,3.58,148.2,0
1301,324,38,2,1,5.71,True,7,1,2,3.88,99.2,0
1076,726,57,0,1,5.99,True,1,1,1,6.12,99.3,0
1333,372,58,0,1,5.23,False,0,0,3,8.23,95.7,0
1092,841,75,3,0,6.06,True,4,0,1,5.14,131.0,0
1497,469,61,3,1,4.85,False,0,0,2,3.04,114.2,0
1521,475,44,1,0,5.85,False,0,2,0,4.49,113.3,0
1798,726,17,4,3,6.34,True,14,1,18,15.42,108.9,3
1739,688,16,6,3,7.46,True,21,1,85,66.4,228.2,2
1303,938,64,0,0,5.68,False,0,1,2,1.12,95.8,0
1648,944,5,10,1,6.76,True,26,1,29,8.69,112.5,1
1605,853,28,6,2,6.71,True,45,0,22,6.89,93.2,1
1131,498,79,1,1,5.44,True,5,0,3,4.15,155.1,0
1334,670,77,2,0,5.43,False,0,2,1,5.91,134.0,0
1767,909,3,7,2,6.41,True,3,1,50,14.21,152.5,3
1761,611,15,5,2,6.33,True,11,1,23,10.83,113.5,3
1426,743,76,3,0,5.33,True,6,2,2,0.35,93.2,0
1674,567,23,12,2,6.4,True,39,0,24,5.1,120.7,1
1778,514,3,8,6,6.57,True,13,1,34,8.1,29.1,3
1707,288,5,11,5,7.08,True,16,2,81,35.97,226.7,2
1530,514,77,2,0,4.98,True,0,0,3,4.46,108.2,0
1501,240,21,1,1,4.89,False,0,2,0,4.55,96.9,0
1779,500,15,2,4,5.75,True,9,1,18,8.28,151.0,3
1196,789,28,2,0,5.77,False,0,1,2,5.11,95.2,0
1332,331,13,3,0,5.8,True,10,0,1,3.48,104.1,0
1735,707,25,8,3,7.69,True,8,0,73,33.46,339.4,2
1708,886,20,6,5,7.36,True,14,0,44,43.91,224.4,2
1649,634,29,11,1,6.44,True,57,0,10,8.59,98.1,1
1634,642,8,9,1,6.9,True,18,0,26,21.42,97.8,1
1583,580,75,1,0,4.93,True,10,1,2,2.48,123.1,0
1573,572,23,2,0,5.75,True,3,0,1,4.66,57.6,0
1584,951,36,0,1,5.24,False,0,1,3,4.1,62.8,0
1520,551,22,3,0,5.82,False,0,2,2,4.57,95.1,0
1404,655,22,3,1,5.82,True,2,2,0,3.96,83.2,0
1195,807,17,0,1,5.21,False,0,2,3,0.05,136.5,0
1435,950,28,3,1,5.92,True,2,2,3,4.33,121.7,0
1603,348,26,9,1,6.58,True,23,1,21,1.39,114.9,1
1337,665,52,0,1,5.01,True,0,2,1,5.95,136.2,0
1750,570,14,5,2,6.62,False,0,1,51,2.09,176.3,3
1659,341,16,8,3,6.37,True,27,0,14,4.09,74.9,1
1727,703,19,10,6,7.58,True,16,0,60,70.08,393.4,2
1060,228,38,3,1,5.63,True,0,0,1,2.63,168.3,0
1203,365,19,3,0,5.41,True,1,1,0,6.61,98.7,0
1617,547,21,5,2,6.96,True,56,0,18,10.98,55.3,1
1370,925,25,0,0,5.65,False,0,0,0,5.59,54.5,0
1022,927,69,3,1,4.87,False,0,0,3,4.4,123.4,0
1774,222,18,2,3,6.29,True,3,1,35,10.58,157.2,3
1093,982,78,2,0,5.42,False,0,0,3,3.28,125.1,0
1129,309,60,0,1,5.13,False,0,0,3,5.46,154.5,0
1664,374,29,11,4,6.88,True,35,1,30,5.1,80.4,1
1023,561,31,0,0,5.76,False,0,2,1,2.42,150.8,0
1793,595,15,7,3,6.52,True,5,0,17,21.22,115.6,3
1438,977,72,1,1,5.36,True,1,0,2,5.47,134.5,0
1390,752,10,1,1,5.83,True,2,0,0,3.79,152.5,0
1265,693,69,2,0,5.83,True,1,0,2,6.31,35.6,0
1072,571,19,1,1,5.31,False,0,1,2,4.06,87.2,0
1084,391,72,2,0,5.99,False,0,0,2,6.99,163.8,0
1082,843,21,1,1,5.54,True,8,1,3,2.87,141.8,0
1346,531,61,3,0,5.2,True,9,1,0,1.71,121.8,0
1679,351,12,3,4,6.75,True,48,1,10,6.19,96.6,1
1473,420,48,0,1,5.42,False,0,0,2,3.01,153.3,0
1167,960,21,3,1,5.66,False,0,1,0,4.18,63.8,0
1232,972,33,2,1,5.25,False,0,1,1,3.52,166.3,0
1189,898,50,1,1,5.29,False,0,2,1,1.38,139.1,0
1151,660,52,2,1,5.51,True,9,2,1,3.76,98.8,0
